57,wordpress.com
59,tribunnews.com
60,ok.ru
61,bestbuy.com
62,sogou.com
63,imdb.com
64,chaturbate.com
65,mail.ru
66,whatsapp.com
67,1688.com
68,msn.com
69,linkedin.com
70,amazon.co.uk
71,mama.cn
72,google.co.jp
73,haosou.com
74,babytree.com
75,alibaba.com
76,google.cn
77,google.com.br
78,paypal.com
79,dropbox.com
80,chase.com
81,udemy.com
82,jrj.com.cn
83,rakuten.co.jp
84,roblox.com
85,indeed.com
86,so.com
87,bbc.com
88,espn.com
89,spotify.com
90,amazon.de
91,freepik.com
92,xvideos.com
93,cnn.com
94,fandom.com
95,imgur.com
96,digikala.com
97,hao123.com
98,google.de
99,grid.id
100,canva.com
101,xhamster.com
102,flipkart.com
103,target.com
104,tumblr.com
105,thestartmagazine.com
106,pixnet.net
107,6.cn
108,instructure.com
109,gome.com.cn
110,amazonaws.com
111,google.it
112,detik.com
113,google.ru
114,savefrom.net
115,stackexchange.com
116,soundcloud.com
117,amazon.ca
118,primevideo.com
119,rednet.cn
120,kompas.com
121,google.es
122,bilibili.com
123,zoho.com
124,pikiran-rakyat.com
125,github.com
126,tradingview.com
127,ettoday.net
128,nytimes.com
129,iqiyi.com
130,google.com.sg
131,cnblogs.com
132,aliyun.com
133,google.fr
134,telegram.org
135,cnzz.com
136,homedepot.com
137,zillow.com
138,slack.com
139,salesforce.com
140,163.com
141,macys.com
142,nih.gov
143,disneyplus.com
144,bet9ja.com
145,onlinesbi.com
146,pinterest.com
147,force.com
148,cnet.com
149,daum.net
150,craigslist.org
151,duckduckgo.com
152,godaddy.com
153,tiktok.com
154,booking.com
155,speedtest.net
156,hulu.com
157,theguardian.com
158,amazon.it
159,bbc.co.uk
160,metropoles.com
161,wetransfer.com
162,ikea.com
163,grammarly.com
164,mediafire.com
165,google.co.uk
166,indiatimes.com
167,aliexpress.ru
168,ebay.de
169,shutterstock.com
170,google.com.tw
171,tokopedia.com
172,ilovepdf.com
173,archive.org
174,pixabay.com
175,researchgate.net
176,wayfair.com
177,avito.ru
178,google.com.tr
179,chess.com
180,trendyol.com
181,youm7.com
182,slideshare.net
183,vimeo.com
184,costco.com
185,w3schools.com
186,tistory.com
187,usps.com
188,51.la
189,google.com.mx
190,amazon.fr
191,wellsfargo.com
192,telewebion.com
193,mercari.com
194,nike.com
195,varzesh3.com
196,samsung.com
197,zhihu.com
198,amazon.es
199,healthline.com
200,office365.com
201,zendesk.com
202,discord.com
203,hdfcbank.com
204,kohls.com
205,setn.com
206,namnak.com
207,51sole.com
208,dell.com
209,wikihow.com
210,xnxx.com
211,businessinsider.com
212,bet365.com
213,proiezionidiborsa.it
214,washingtonpost.com
215,americanexpress.com
216,coinmarketcap.com
217,ups.com
218,lazada.sg
219,google.com.sa
220,globo.com
221,borna.news
222,slickdeals.net
223,bukalapak.com
224,google.ca
225,hm.com
226,dailymotion.com
227,google.com.eg
228,hp.com
229,iqbroker.com
230,thepiratebay.org
231,suara.com
232,hotstar.com
233,t.co
234,videocampaign.co
235,chouftv.ma
236,wish.com
237,shaparak.ir
238,soso.com
239,smallpdf.com
240,gamepedia.com
241,newegg.com
242,y2mate.com
243,nicovideo.jp
244,capitalone.com
245,googlevideo.com
246,mozilla.org
247,op.gg
248,google.com.ar
249,wowhead.com
250,worldometers.info
251,ask.com
252,t.me
253,momoshop.com.tw
254,sindonews.com
255,bluehost.com
256,wildberries.ru
257,foxnews.com
258,uol.com.br
259,line.me
260,skype.com
261,liputan6.com
262,scribd.com
263,investopedia.com
264,redd.it
265,mercadolibre.com.mx
266,fiverr.com
267,weebly.com
268,mercadolivre.com.br
269,nordstrom.com
270,yelp.com
271,tudou.com
272,hepsiburada.com
273,behance.net
274,google.co.th
275,donya-e-eqtesad.com
276,taboola.com
277,google.pl
278,cnnic.cn
279,padlet.com
280,zara.com
281,elintransigente.com
282,360.com
283,shein.com
284,patria.org.ve
285,coursera.org
286,softonic.com
287,medium.com
288,idntimes.com
289,redfin.com
290,fedex.com
291,asos.com
292,icicibank.com
293,breitbart.com
294,jpnn.com
295,trustpilot.com
296,blackboard.com
297,geeksforgeeks.org
298,investing.com
299,heavy.com
300,verizon.com
301,ecv360.com
302,manoramaonline.com
303,beytoote.com
304,namu.wiki
305,orange.fr
306,sahibinden.com
307,sq.cn
308,ltn.com.tw
309,ndtv.com
310,blogger.com
311,goodreads.com
312,google.co.id
313,notion.so
314,weather.com
315,gap.com
316,playstation.com
317,lowes.com
318,allegro.pl
319,academia.edu
320,bankofamerica.com
321,sonhoo.com
322,yoox.com
323,sciencedirect.com
324,ouedkniss.com
325,okta.com
326,eastday.com
327,clickfunnels.com
328,pinimg.com
329,dailymail.co.uk
330,xfinity.com
331,ebay.co.uk
332,quizlet.com
333,thegatewaypundit.com
334,redbubble.com
335,douban.com
336,att.com
337,brilio.net
338,indiamart.com
339,bedbathandbeyond.com
340,realtor.com
341,wixsite.com
342,airbnb.com
343,patreon.com
344,fidelity.com
345,wikimedia.org
346,rutracker.org
347,cloudfront.net
348,merdeka.com
349,abs-cbn.com
350,theepochtimes.com
351,wix.com
352,steamcommunity.com
353,rt.com
354,yts.mx
355,gosuslugi.ru
356,squarespace.com
357,ladbible.com
358,noon.com
359,mercadolibre.com.ar
360,mfisp.com
361,aol.com
362,ca.gov
363,amazon.com.br
364,1337x.to
365,premierleague.com
366,kakaku.com
367,web-hosting.com
368,thesaurus.com
369,vidio.com
370,9gag.com
371,bhphotovideo.com
372,ebay.com.au
373,doubleclick.net
374,gusuwang.com
375,fast.com
376,lenovo.com
377,hh010.com
378,zol.com.cn
379,uniqlo.com
380,robinhood.com
381,quora.com
382,ensonhaber.com
383,reverso.net
384,wsj.com
385,patch.com
386,linktr.ee
387,chegg.com
388,filimo.com
389,istockphoto.com
390,twimg.com
391,namasha.com
392,rctiplus.com
393,tsetmc.com
394,kq36.com
395,51yes.com
396,qoo10.sg
397,hootsuite.com
398,dbs.com.sg
399,liansuo.com
400,asriran.com
401,spankbang.com
402,in.gr
403,dickssportinggoods.com
404,tejaratnews.com
405,onlyfans.com
406,ebc.net.tw
407,cnbc.com
408,filmix.co
409,crunchyroll.com
410,discordapp.com
411,312168.com
412,efu.com.cn
413,yc58.com
414,cambridge.org
415,amazon.com.au
416,iyiou.com
417,ih5.cn
418,flaticon.com
419,epicgames.com
420,coupang.com
421,ozon.ru
422,etoro.com
423,justdial.com
424,bp.blogspot.com
425,bestbuy.ca
426,banvenez.com
427,bloomberg.com
428,stockx.com
429,infobae.com
430,youporn.com
431,tutorialspoint.com
432,sberbank.ru
433,ivi.ru
434,hurriyet.com.tr
435,google.com.au
436,citi.com
437,kapanlagi.com
438,rambler.ru
439,livescore.com
440,skroutz.gr
441,cbssports.com
442,steampowered.com
443,58.com
444,joinhoney.com
445,messenger.com
446,house365.com
447,americanas.com.br
448,souq.com
449,mxc.com
450,runoob.com
451,tripadvisor.com
452,ibicn.com
453,divar.ir
454,gstatic.com
455,techradar.com
456,dcard.tw
457,nvidia.com
458,google.com.ua
459,naukri.com
460,t-mobile.com
461,outbrain.com
462,get-express-vpn.online
463,ytmp3.cc
464,gsmarena.com
465,feedly.com
466,fc2.com
467,shopee.co.id
468,farfetch.com
469,gmx.net
470,ninisite.com
471,gamestop.com
472,youku.com
473,genius.com
474,dmm.co.jp
475,norton.com
476,google.gr
477,retailmenot.com
478,biobiochile.cl
479,caigou2003.com
480,banggood.com
481,360doc.com
482,shopee.com.my
483,dianping.com
484,uptodown.com
485,kakao.com
486,glassdoor.com
487,free.fr
488,blizzard.com
489,emofid.com
490,google.co.kr
491,myntra.com
492,inquirer.net
493,shopee.tw
494,wordpress.org
495,transferwise.com
496,alodokter.com
497,smallseotools.com
498,video-adblock.com
499,chinanetrank.com
500,marca.com
501,google.com.vn
502,trello.com
503,pornhubpremium.com
504,hbomax.com
505,livejournal.com
506,ekaie.com
507,zippyshare.com
508,discover.com
509,ecosia.org
510,ebay-kleinanzeigen.de
511,mseav.com
512,mit.edu
513,atharori.net
514,atlassian.net
515,deviantart.com
516,it168.com
517,eatthis.com
518,storage.googleapis.com
519,marketwatch.com
520,shopee.vn
521,sourceforge.net
522,ccaonline.cn
523,vvvdj.com
524,asus.com
525,eksisozluk.com
526,vnexpress.net
527,mileroticos.com
528,cpic.com.cn
529,google.co.ve
530,umeng.com
531,haoyer.com
532,kuronekoyamato.co.jp
533,td.com
534,v2ex.com
535,srvtrck.com
536,wordreference.com
537,wp.pl
538,shop.app
539,kemdikbud.go.id
540,canada.ca
541,cricbuzz.com
542,emojipedia.org
543,go.com
544,deepl.com
545,zerodha.com
546,focus.cn
547,files.wordpress.com
548,intipseleb.com
549,goo.ne.jp
550,lifo.gr
551,uchi.ru
552,aofex.com
553,meituan.com
554,chaduo.com
555,saednews.com
556,nypost.com
557,payu.in
558,agah.com
559,cebnet.com.cn
560,gismeteo.ru
561,themeforest.net
562,battle.net
563,huajiarui.com.cn
564,as.com
565,springer.com
566,incometaxindiaefiling.gov.in
567,elwatannews.com
568,xbox.com
569,pcpartpicker.com
570,npr.org
571,buzzfeed.com
572,rezka.ag
573,coursehero.com
574,pulzo.com
575,iherb.com
576,duolingo.com
577,eghtesadnews.com
578,mofidonline.com
579,kooora.com
580,adp.com
581,google.ro
582,rahavard365.com
583,ywart.com
584,chinachugui.com
585,seznam.cz
586,smm.cn
587,depositphotos.com
588,webmd.com
589,interieur.gouv.fr
590,google.az
591,mailchimp.com
592,espncricinfo.com
593,google.dz
594,17track.net
595,wondershare.com
596,epwk.com
597,redtube.com
598,fool.com
599,shopee.co.th
600,jianshu.com
601,blockchain.com
602,mathrubhumi.com
603,elbalad.news
604,mgid.com
605,ea.com
606,theverge.com
607,google.be
608,otvfoco.com.br
609,zhaket.com
610,prothomalo.com
611,irctc.co.in
612,people.com.cn
613,sarkariresult.com
614,intuit.com
615,fun48.com
616,otto.de
617,tandfonline.com
618,shutterfly.com
619,wartaekonomi.co.id
620,ultimate-guitar.com
621,cnbcindonesia.com
622,wiktionary.org
623,xhamsterlive.com
624,ameritrade.com
625,chinaweiyu.com
626,uidai.gov.in
627,rakuten.com
628,khanacademy.org
629,xabbs.com
630,emalls.ir
631,rtl-theme.com
632,tinder.com
633,wplay.co
634,ouo.io
635,mobafire.com
636,chinayigui.com
637,chewy.com
638,gamersky.com
639,dafont.com
640,calendly.com
641,europa.eu
642,rei.com
643,9384.com
644,issuu.com
645,cdc.gov
646,cnnindonesia.com
647,aweber.com
648,moneycontrol.com
649,home77.com
650,ria.ru
651,onet.pl
652,babyschool.com.cn
653,walmart.ca
654,creditchina.gov.cn
655,evernote.com
656,storiespace.com
657,samsclub.com
658,rediff.com
659,seekingalpha.com
660,milliyet.com.tr
661,pdfdrive.com
662,chron.com
663,guifun.com
664,gamespot.com
665,livedoor.jp
666,hotmart.com
667,google.com.pe
668,vseigru.net
669,eee114.com
670,motorsport.com
671,elfagr.com
672,nexusmods.com
673,icy-veins.com
674,iliangcang.com
675,mehrnews.com
676,3dmgame.com
677,nextdoor.com
678,statista.com
679,schwab.com
680,overstock.com
681,kickstarter.com
682,irs.gov
683,flashscore.com
684,qdn.cn
685,yenisafak.com
686,720mp4.com
687,jia400.com
688,gh0089.com
689,elsevier.com
690,hindustantimes.com
691,tomshardware.com
692,pngtree.com
693,hespress.com
694,doordash.com
695,westernjournal.com
696,inmotionhosting.com
697,constantcontact.com
698,msi.com
699,huamu.cn
700,w3school.com.cn
701,groupon.com
702,merriam-webster.com
703,fril.jp
704,dw.com
705,getpocket.com
706,pchome.com.tw
707,google.cl
708,youth.cn
709,pixiv.net
710,4chan.org
711,livedoor.com
712,cardinalcommerce.com
713,pcbaby.com.cn
714,creditkarma.com
715,258.com
716,kijiji.ca
717,dspultra.com
718,online-convert.com
719,parler.com
720,gyazo.com
721,gingersoftware.com
722,pixlr.com
723,google.com.pk
724,madrasati.sa
725,bolasport.com
726,rottentomatoes.com
727,harvard.edu
728,howtogeek.com
729,dstv.com
730,bancodevenezuela.com
731,axisbank.co.in
732,kompasiana.com
733,news18.com
734,cint.com
735,leboncoin.fr
736,manganelo.com
737,gumroad.com
738,forbes.com
739,ionos.com
740,boohoo.com
741,xe.com
742,rarbg.to
743,mercadolibre.com.co
744,intel.com
745,chinafloor.cn
746,dcinside.com
747,turkiye.gov.tr
748,eba.gov.tr
749,huim.com
750,ebay.fr
751,alicdn.com
752,ny.gov
753,topfo.com
754,net-a-porter.com
755,freshdesk.com
756,iweihai.cn
757,znanija.com
758,mega.nz
759,urdupoint.com
760,upwork.com
761,soft98.ir
762,custhelp.com
763,ameblo.jp
764,shopify.com
765,wattpad.com
766,dreamstime.com
767,zhibo8.cc
768,lg.com
769,olx.ua
770,ign.com
771,schoology.com
772,business.site
773,nairaland.com
774,sportbible.com
775,zozo.jp
776,xianjichina.com
777,accuweather.com
778,oschina.net
779,capacygre.top
780,biblegateway.com
781,albawabhnews.com
782,disqus.com
783,staples.com
784,jamnews.com
785,subito.it
786,google.com.my
787,morningpost.com.cn
788,discogs.com
789,edx.org
790,huaban.com
791,mxplayer.in
792,yektanet.com
793,chspracteri.fun
794,ssl-images-amazon.com
795,olx.in
796,sony.com
797,ytimg.com
798,royalbank.com
799,jw.org
800,mheducation.com
801,exoclick.com
802,sozcu.com.tr
803,squareup.com
804,syf.com
805,brainly.com.br
806,curseforge.com
807,gtmetrix.com
808,lefigaro.fr
809,strava.com
810,typeform.com
811,usnews.com
812,indianexpress.com
813,reclameaqui.com.br
814,wiley.com
815,docomo.ne.jp
816,ebay.it
817,globalsources.com
818,cnbeta.com
819,memurlar.net
820,91jm.com
821,hnu.edu.cn
822,gamer.com.tw
823,ribunews.com
824,cloudflare.com
825,llink.site
826,surveymonkey.com
827,akamaized.net
828,jjwxc.net
829,daraz.pk
830,oracle.com
831,bitly.com
832,viva.co.id
833,astancerta.fun
834,envato.com
835,lego.com
836,anjuke.com
837,chinamenwang.com
838,elpais.com
839,tgju.org
840,yodobashi.com
841,rapidgator.net
842,wp.com
843,mufg.jp
844,sofascore.com
845,fararu.com
846,mawdoo3.com
847,ikco.ir
848,ancestry.com
849,avg.com
850,shomanews.com
851,amazon.com.mx
852,tagesschau.de
853,webex.com
854,unsplash.com
855,onlinesbi.sbi
856,searchmulty.com
857,repubblica.it
858,google.co.za
859,agoda.com
860,jb51.net
861,britannica.com
862,audible.com
863,dnevnik.ru
864,104.com.tw
865,clickup.com
866,ezgif.com
867,realsrv.com
868,toutiao.com
869,pandora.com
870,google.ch
871,wired.com
872,idealo.de
873,instacart.com
874,zarinpal.com
875,poshmark.com
876,android.com
877,bitbucket.org
878,drom.ru
879,onmarshtompor.com
880,pendareghtesadi.com
881,leftoverdense.com
882,afreecatv.com
883,tiaomu.com
884,sbrf.ru
885,giphy.com
886,huffpost.com
887,xiami.com
888,bbcollab.com
889,creativemarket.com
890,officedepot.com
891,id-binomo.com
892,kinokrad.co
893,shopee.ph
894,blackboardcdn.com
895,zalo.me
896,superhaber.tv
897,sabq.org
898,forgeofempires.com
899,huawei.com
900,postlnk.com
901,trulia.com
902,drudgereport.com
903,olx.pl
904,mk.ru
905,alimama.com
906,mirconnect.ru
907,animeflv.net
908,yoomoney.ru
909,farsnews.ir
910,alnaharegypt.com
911,futbin.com
912,baskino.me
913,eqxiu.com
914,julian-fashion.com
915,gmarket.co.kr
916,brainly.co.id
917,sportzwiki.com
918,cima4u.io
919,hamariweb.com
920,sporx.com
921,ccavenue.com
922,nyaa.si
923,mayoclinic.org
924,zdf.de
925,dictionary.com
926,lazada.co.th
927,usatoday.com
928,popads.net
929,chip.de
930,minecraft.net
931,parsfootball.com
932,52pk.com
933,interia.pl
934,spiegel.de
935,blackfriday.com
936,t-online.de
937,epfindia.gov.in
938,weixinyunduan.com
939,cretgate.com
940,olx.com.br
941,offerup.com
942,wangdaidongfang.com
943,lordfilms-s.pw
944,neobux.com
945,www.gov.uk
946,gangde.net
947,boc.cn
948,houzz.com
949,rakuten-bank.co.jp
950,lazada.com.ph
951,qualtrics.com
952,tahiamasr.com
953,bankmellat.ir
954,protothema.gr
955,mydramalist.com
956,subscene.com
957,odoo.com
958,ojooo.com
959,kontan.co.id
960,elcomercio.com
961,93913.com
962,artstation.com
963,brainly.lat
964,6pm.com
965,taleo.net
966,goodhousekeeping.com
967,billdesk.com
968,opensooq.com
969,yallakora.com
970,mynet.com
971,nfl.com
972,goal.com
973,buyma.com
974,dhgate.com
975,ebay.ca
976,etrade.com
977,latimes.com
978,u.gg
979,convertio.co
980,720vt.com
981,namecheap.com
982,5dcar.com
983,directpower.download
984,sonyliv.com
985,nicsorts-accarade.com
986,google.nl
987,casasbahia.com.br
988,wto168.net
989,medicalnewstoday.com
990,usaa.com
991,flvto.biz
992,tomsguide.com
993,name.com
994,utorrent.com
995,magazineluiza.com.br
996,iranserver.com
997,uzone.id
998,jpmorganchase.com
999,azure.com
1000,oeeee.com
1001,vistaprint.com
1002,adyen.com
1003,axisbank.com
1004,qiita.com
1005,psalrausoa.com
1006,usbank.com
1007,douyu.com
1008,jkforum.net
1009,nbcnews.com
1010,republika.co.id
1011,gofundme.com
1012,mercadolibre.com.ve
1013,reuters.com
1014,thefreedictionary.com
1015,mostaghelonline.com
1016,uptobox.com
1017,y8.com
1018,znds.com
1019,cfsbcn.com
1020,ecollege.com
1021,urbandictionary.com
1022,avast.com
1023,mango.com
1024,dagospia.com
1025,arcgis.com
1026,expedia.com
1027,nalog.ru
1028,renren.com
1029,bitradez.com
1030,eenadu.net
1031,beeg.com
1032,motor1.com
1033,freejobalert.com
1034,secureserver.net
1035,championat.com
1036,jstor.org
1037,storm.mg
1038,hi.ru
1039,myfreecams.com
1040,fotor.com
1041,kizlarsoruyor.com
1042,chinadaily.com.cn
1043,remove.bg
1044,zingnews.vn
1045,manyvids.com
1046,mi.com
1047,prezi.com
1048,myworkdayjobs.com
1049,yoursportspot.com
1050,timeanddate.com
1051,docin.com
1052,helium10.com
1053,ellitoral.com
1054,gogoanime.so
1055,kaskus.co.id
1056,inven.co.kr
1057,binance.com
1058,clickbank.com
1059,himado.in
1060,adverdirect.com
1061,loom.com
1062,dmm.com
1063,corporatefinanceinstitute.com
1064,zcool.com.cn
1065,lenta.ru
1066,eshkol.io
1067,sxyprn.com
1068,cda.pl
1069,hjenglish.com
1070,duba.com
1071,amazon.com.tr
1072,chinadd.cn
1073,sputniknews.com
1074,userbenchmark.com
1075,legit.ng
1076,dramacool.so
1077,bild.de
1078,nikkei.com
1079,gucci.com
1080,vid-adblocker.com
1081,mercantilbanco.com
1082,danawa.com
1083,enamad.ir
1084,lnkam.com
1085,southcn.com
1086,gadgetnews.net
1087,roozaneh.net
1088,bola.net
1089,google.com.co
1090,who.int
1091,kino-teatr.ru
1092,teamviewer.com
1093,businessweekly.com.tw
1094,relevantairbornefantastic.com
1095,familydoctor.com.cn
1096,presentlyarch.com
1097,udn.com
1098,thehindu.com
1099,rozetka.com.ua
1100,ukr.net
1101,36dm.com
1102,1tv.ru
1103,yumpu.com
1104,nba.com
1105,childrensalon.com
1106,guffawdecipher.com
1107,makemytrip.com
1108,time.ir
1109,yourdictionary.com
1110,hotpepper.jp
1111,cargurus.com
1112,crhoy.com
1113,sakshi.com
1114,swagbucks.com
1115,allrecipes.com
1116,aljazeera.net
1117,garmin.com
1118,focus.de
1119,blogfa.com
1120,opera.com
1121,spectrum.net
1122,51auto.com
1123,studfile.net
1124,gridoto.com
1125,crateandbarrel.com
1126,lianjia.com
1127,flickr.com
1128,kknews.cc
1129,moneyforward.com
1130,lotterypost.com
1131,zazzle.com
1132,gearbest.com
1133,rokna.net
1134,4channel.org
1135,3isk.tv
1136,walgreens.com
1137,libero.it
1138,fnac.com
1139,inews.id
1140,digiato.com
1141,zomato.com
1142,songatak.com
1143,digifinex.com
1144,daftsex.com
1145,pushails.com
1146,andhrajyothy.com
1147,400.cn
1148,sendgrid.com
1149,uimaker.com
1150,load12.biz
1151,36kr.com
1152,hops.id
1153,gmanetwork.com
1154,dalfak.com
1155,mybigcommerce.com
1156,python.org
1157,exe.io
1158,coinbase.com
1159,zappos.com
1160,quandashi.com
1161,searchsecurer.com
1162,vanguard.com
1163,rsafrwd.com
1164,yjc.ir
1165,chooseauto.com.cn
1166,zee5.com
1167,pacsun.com
1168,bubblyalibiappear.com
1169,droom.in
1170,docusign.net
1171,sfgate.com
1172,cdac.in
1173,apartments.com
1174,linksynergy.com
1175,lun.com
1176,5acbd.com
1177,rakuten-card.co.jp
1178,realestate.com.au
1179,akhbarelyom.com
1180,zoomit.ir
1181,xmnn.cn
1182,hatena.ne.jp
1183,apkpure.com
1184,google.hu
1185,digitaltrends.com
1186,tempo.co
1187,engadget.com
1188,worldofwarcraft.com
1189,cbs.com
1190,google.pt
1191,torob.com
1192,railroadtomato.com
1193,seasonvar.ru
1194,artisticdisgraceevidently.com
1195,capterra.com
1196,kmail-lists.com
1197,ngacn.cc
1198,fashionnova.com
1199,thingiverse.com
1200,about.google
1201,paytm.com
1202,epochtimes.com
1203,tci.ir
1204,txxx.com
1205,pearson.com
1206,correios.com.br
1207,caf.fr
1208,denetsuk.com
1209,cafe24.com
1210,yixiin.com
1211,chinabm.cn
1212,tsichuan.com
1213,brunarosso.com
1214,list-manage.com
1215,tutsplus.com
1216,bibox.com
1217,dhl.de
1218,juntadeandalucia.es
1219,adoptapet.com
1220,chosun.com
1221,turnitin.com
1222,ameba.jp
1223,submarino.com.br
1224,somoynews.tv
1225,sabah.com.tr
1226,haberturk.com
1227,irecommend.ru
1228,gazeta.pl
1229,amd.com
1230,turbo.az
1231,tasnimnews.com
1232,pcmag.com
1233,cbsnews.com
1234,cleartax.in
1235,y2mate.guru
1236,mydealz.de
1237,pexels.com
1238,neimanmarcus.com
1239,streamyard.com
1240,rasadvarzeshi.com
1241,ed.gov
1242,parivahan.gov.in
1243,thinkific.com
1244,jumia.com.ng
1245,hh.ru
1246,myanimelist.net
1247,shopee.sg
1248,bleacherreport.com
1249,newsmax.com
1250,laodong.vn
1251,9r.cn
1252,zerohedge.com
1253,lieyunwang.com
1254,qvc.com
1255,mos.ru
1256,insider.com
1257,wayfarerspoutpraise.com
1258,bola.com
1259,vtv.vn
1260,ccleaner.com
1261,consultant.ru
1262,imooc.com
1263,getintopc.com
1264,premierbet.co.ao
1265,cabelas.com
1266,byjus.com
1267,webinarjam.com
1268,creditonebank.com
1269,fendi.com
1270,jcpenney.com
1271,toppr.com
1272,politico.com
1273,independent.co.uk
1274,blog.jp
1275,nownews.com
1276,gazeta.ru
1277,nhk.or.jp
1278,delta.com
1279,google.ae
1280,ibm.com
1281,bmi.ir
1282,mydrivers.com
1283,humblebundle.com
1284,francetvinfo.fr
1285,caliente.mx
1286,ynet.co.il
1287,biggo.com.tw
1288,trendarbitrage.com
1289,eluniversal.com.mx
1290,doramy.club
1291,quizizz.com
1292,bancoestado.cl
1293,pelisplus.me
1294,goldcarpet.cn
1295,yinyuetai.com
1296,sbisec.co.jp
1297,rakuten.ne.jp
1298,smzdm.com
1299,draken.exchange
1300,web.de
1301,tap.az
1302,isna.ir
1303,hrloo.com
1304,worldoftanks.ru
1305,indiatoday.in
1306,china-ef.com
1307,wowkeren.com
1308,chinajsq.cn
1309,diannaojc.com
1310,nur.kz
1311,carsonwheelz.com
1312,xtx6.com
1313,elmogaz.com
1314,tdameritrade.com
1315,kompas.tv
1316,plex.tv
1317,eventbrite.com
1318,diply.com
1319,codecanyon.net
1320,banesconline.com
1321,rakuten-sec.co.jp
1322,tube8.com
1323,okaz.com.sa
1324,socialblade.com
1325,rutor.info
1326,nbcsports.com
1327,kp.ru
1328,livetv.sx
1329,michaels.com
1330,yeniakit.com.tr
1331,techcrunch.com
1332,ynet.com
1333,esheeq.net
1334,aa.com
1335,colourpop.com
1336,cdiscount.com
1337,t66y.com
1338,9lianmeng.com
1339,informer.com
1340,auth0.com
1341,blog.ir
1342,insertlive.com
1343,shafaqna.com
1344,ssc.nic.in
1345,amazon.jobs
1346,tmz.com
1347,stanford.edu
1348,dangdang.com
1349,rediffmailpro.com
1350,almubasher.com.sa
1351,rbc.ru
1352,cointelegraph.com
1353,ebrun.com
1354,haberler.com
1355,elyamnelaraby.com
1356,google.at
1357,glassdoor.co.in
1358,nexon.com
1359,cookpad.com
1360,kenh14.vn
1361,cbc.ca
1362,cyberleninka.ru
1363,fmovies.to
1364,agacelebir.com
1365,wargaming.net
1366,pantip.com
1367,ted.com
1368,news.com.au
1369,eghtesadonline.com
1370,saturdayloathe.com
1371,autodesk.com
1372,poki.com
1373,kahoot.it
1374,kayak.com
1375,hawaaworld.com
1376,jagranjosh.com
1377,underarmour.com
1378,tencent.com
1379,pinterest.com.mx
1380,jimdofree.com
1381,mongodb.com
1382,cnwnews.com
1383,eset.com
1384,rapidtables.com
1385,cvs.com
1386,state.gov
1387,zougla.gr
1388,over-blog.com
1389,hostgator.com
1390,gamesradar.com
1391,anydesk.com
1392,hltv.org
1393,narcity.com
1394,splittingpick.com
1395,1plus1tv.ru
1396,mewe.com
1397,onlinedown.net
1398,jio.com
1399,kundelik.kz
1400,wunderground.com
1401,aizhan.com
1402,gxu.edu.cn
1403,kbb.com
1404,avaz.ba
1405,shahid4u.one
1406,arcot.com
1407,zalando.de
1408,eluniverso.com
1409,hbx.com
1410,brainly.in
1411,unilad.co.uk
1412,time.com
1413,jdsports.co.uk
1414,probuilds.net
1415,oculus.com
1416,dazn.com
1417,discuss.com.hk
1418,torrentqq61.com
1419,getadblock.com
1420,skillshare.com
1421,313.cn
1422,post.ir
1423,semanticscholar.org
1424,mathworks.com
1425,samplicio.us
1426,edh.tw
1427,gds.it
1428,levi.com
1429,firescorrelationprodigy.com
1430,omegle.com
1431,lichess.org
1432,memorableordealstranger.com
1433,prom.ua
1434,ovh.com
1435,milligazete.com.tr
1436,filgoal.com
1437,syosetu.com
1438,thethao247.vn
1439,hubspot.com
1440,te.eg
1441,lamabang.com
1442,towardsdatascience.com
1443,coupons.com
1444,vokrug.tv
1445,abc.es
1446,bet1-x00495.com
1447,pandora.net
1448,gmw.cn
1449,bandcamp.com
1450,gumtree.com.au
1451,adorama.com
1452,victoriassecret.com
1453,kafan.cn
1454,ieee.org
1455,indozone.id
1456,olx.com.pk
1457,skrill.com
1458,aarth.net
1459,perfectmoney.com
1460,citilink.ru
1461,tdbank.com
1462,icloud.com
1463,24h.com.vn
1464,elbotola.com
1465,kuaidi100.com
1466,addthis.com
1467,cengage.com
1468,postermywall.com
1469,internetdownloadmanager.com
1470,nate.com
1471,sznews.com
1472,teachable.com
1473,clarin.com
1474,cisco.com
1475,tabnak.ir
1476,jomashop.com
1477,mobile.de
1478,getcourse.ru
1479,airtel.in
1480,jut.su
1481,lemonde.fr
1482,ubisoft.com
1483,mvideo.ru
1484,oup.com
1485,sina.cn
1486,olx.ro
1487,republicworld.com
1488,luisaviaroma.com
1489,5ch.net
1490,whitepages.com
1491,rencaijob.com
1492,voot.com
1493,litres.ru
1494,sehatq.com
1495,newsit.gr
1496,jobinja.ir
1497,hangseng.com
1498,fmkorea.com
1499,zagonka.tv
1500,khaberni.com
1501,xiu.com
1502,ncore.cc
1503,today.com
1504,ahrefs.com
1505,resolutioncomplexionfinishing.com
1506,bt.com
1507,screenrant.com
1508,365jia.cn
1509,whatismyipaddress.com
1510,ali213.net
1511,kaggle.com
1512,11st.co.kr
1513,underwearnavigable.com
1514,afip.gob.ar
1515,getbitly.com
1516,paytm.in
1517,gettyimages.com
1518,gsis.gr
1519,udacity.com
1520,thepiratebay10.org
1521,rasadeghtesadi.com
1522,vultr.com
1523,askubuntu.com
1524,archiveofourown.org
1525,xhamster7.desi
1526,las2orillas.co
1527,irna.ir
1528,dytt8.net
1529,mediamarkt.de
1530,cyol.com
1531,1377x.to
1532,filehippo.com
1533,xmtrading.com
1534,overleaf.com
1535,fajar.co.id
1536,cqhot.cn
1537,elmostaqbal.com
1538,dikaiologitika.gr
1539,g2a.com
1540,filecrypt.co
1541,giglio.com
1542,donga.com
1543,symbolab.com
1544,mmload.com
1545,appgame.com
1546,dream.co.id
1547,idnes.cz
1548,study.com
1549,aftership.com
1550,9anime.to
1551,bluestacks.com
1552,tableau.com
1553,sdamgia.ru
1554,telegraph.co.uk
1555,rearrangeapostrophemargarita.com
1556,mercadolibre.cl
1557,itch.io
1558,myway.com
1559,5858.com
1560,admitad.com
1561,oxu.az
1562,setare.com
1563,donanimhaber.com
1564,bbb.org
1565,yemeksepeti.com
1566,weather.gov
1567,ssisurveys.com
1568,shimo.im
1569,impress.co.jp
1570,netsuite.com
1571,worthpoint.com
1572,lifecard.co.jp
1573,keji.cn
1574,scotiabank.com
1575,passivemarcoanyhow.com
1576,unity.com
1577,sirinetwork.finance
1578,band.us
1579,batds.net
1580,sonyentertainmentnetwork.com
1581,bitchute.com
1582,smartsheet.com
1583,sport-express.ru
1584,blog.wordpress.com
1585,uscis.gov
1586,aljazeera.com
1587,mangadex.org
1588,nespresso.com
1589,jagonews24.com
1590,uniswap.org
1591,miro.com
1592,tarafdari.com
1593,prensalibre.com
1594,cnal.com
1595,utoronto.ca
1596,thedailybeast.com
1597,loopnet.com
1598,livemint.com
1599,gaana.com
1600,gazetaexpress.com
1601,saisoncard.co.jp
1602,ennaharonline.com
1603,cars.com
1604,sudannews365.org
1605,zeit.de
1606,myworkday.com
1607,1fichier.com
1608,barnesandnoble.com
1609,express.com
1610,patagonia.com
1611,fullhdfilmizlesene.com
1612,cj.com
1613,pikabu.ru
1614,61ef.cn
1615,rbcroyalbank.com
1616,tver.jp
1617,ae.com
1618,mei.net.cn
1619,runescape.wiki
1620,tinkoff.ru
1621,pdf2go.com
1622,puma.com
1623,drive2.ru
1624,123rf.com
1625,dostor.org
1626,shareasale.com
1627,enstage-sas.com
1628,huya.com
1629,cic.gc.ca
1630,mingpao.com
1631,nextdirect.com
1632,jbhifi.com.au
1633,xda-developers.com
1634,cdninstagram.com
1635,citibankonline.com
1636,impots.gouv.fr
1637,nature.com
1638,bizrate.com
1639,mobile01.com
1640,sfr.fr
1641,rajasthan.gov.in
1642,reverb.com
1643,airtm.com
1644,pnc.com
1645,gongkong.com
1646,mhtwyat.com
1647,a8.net
1648,soy502.com
1649,ssa.gov
1650,activecampaign.com
1651,4movierulz.pe
1652,kissasian.sh
1653,startpage.com
1654,kotak.com
1655,zulily.com
1656,ibb.co
1657,canadiantire.ca
1658,dsw.com
1659,aa.com.tr
1660,currys.co.uk
1661,fc.lc
1662,jnu.edu.cn
1663,fragrantica.com
1664,citationmachine.net
1665,berkeley.edu
1666,mashable.com
1667,alsbbora.info
1668,hindnow.com
1669,xhamster2.com
1670,sportskeeda.com
1671,eyny.com
1672,google.com.ph
1673,xgo.com.cn
1674,telugustop.com
1675,sonora.id
1676,iz.ru
1677,jhu.edu
1678,ozbargain.com.au
1679,n11.com
1680,fbdown.net
1681,popdaily.com.tw
1682,redgifs.com
1683,kitco.com
1684,ibps.in
1685,arzdigital.com
1686,greatandhra.com
1687,india.com
1688,turbobit.net
1689,faradars.org
1690,tv9marathi.com
1691,glosbe.com
1692,kapwing.com
1693,dealmoon.com
1694,pochta.ru
1695,sproutsocial.com
1696,neshanonline.com
1697,sahamyab.com
1698,mynavi.jp
1699,deezer.com
1700,www.gov.cn
1701,ems.com.cn
1702,onstunkyr.com
1703,fanlibang.com
1704,jxmall.com
1705,weibo.cn
1706,makeleio.gr
1707,viu.com
1708,19888.tv
1709,cn163.net
1710,successfactors.com
1711,klikbca.com
1712,hotjar.com
1713,costco.ca
1714,southwest.com
1715,people.com
1716,ouest-france.fr
1717,mangakakalot.com
1718,9978.cn
1719,meb.gov.tr
1720,pngegg.com
1721,gjirafa.com
1722,churchofjesuschrist.org
1723,gimy.co
1724,aajtak.in
1725,gobizkorea.com
1726,delightfulold.com
1727,breakflip.com
1728,crackstreams.com
1729,worldstarhiphop.com
1730,smbc-card.com
1731,greenhouse.io
1732,khabarpu.com
1733,criteo.com
1734,ruliweb.com
1735,kdslife.com
1736,thesun.co.uk
1737,yaklass.ru
1738,bicentenariobu.com
1739,unext.jp
1740,lapatilla.com
1741,exirbroker.com
1742,unacademy.com
1743,google.co.il
1744,fertilizeranaemiaupcoming.com
1745,meetup.com
1746,loewe.com
1747,commbank.com.au
1748,n-tv.de
1749,leroymerlin.ru
1750,lancers.jp
1751,lifewire.com
1752,brasilescola.uol.com.br
1753,teacherspayteachers.com
1754,iefimerida.gr
1755,infusionsoft.com
1756,adf.ly
1757,digitec.ch
1758,piliapp.com
1759,listindiario.com
1760,monbin.site
1761,lentainform.com
1762,oneplus.com
1763,emag.ro
1764,tmtpost.com
1765,inc.com
1766,digialm.com
1767,wowkorea.jp
1768,bozhong.com
1769,marriott.com
1770,moondoge.co.in
1771,inquisitr.com
1772,hotels.com
1773,oneindia.com
1774,wordhippo.com
1775,att.net
1776,japanpost.jp
1777,szu.edu.cn
1778,ewaybillgst.gov.in
1779,verizonwireless.com
1780,windowsreport.com
1781,megogo.net
1782,beauty321.com
1783,takealot.com
1784,800hr.com
1785,trilltrill.jp
1786,kooora4live.tv
1787,fc-lc.com
1788,noaa.gov
1789,labanquepostale.fr
1790,tanea.gr
1791,brightspace.com
1792,bao315.com
1793,adbtc.top
1794,ubc.ca
1795,khmerload.com
1796,mcafee.com
1797,pole-emploi.fr
1798,un.org
1799,autotrader.com
1800,xjtu.edu.cn
1801,cardekho.com
1802,pngwing.com
1803,indiapost.gov.in
1804,nerdwallet.com
1805,cloudconvert.com
1806,chsi.com.cn
1807,google.bg
1808,testbook.com
1809,netshoes.com.br
1810,onelogin.com
1811,rollingstone.com
1812,tommy.com
1813,fextralife.com
1814,skyroom.online
1815,vademecum.es
1816,faqtoids.com
1817,nasa.gov
1818,ppy.sh
1819,7po.com
1820,altadefinizione.dance
1821,sportbox.ru
1822,statcounter.com
1823,capitaloneshopping.com
1824,khabaronline.ir
1825,mosalasonline.com
1826,qcloud.com
1827,theoutnet.com
1828,formula1.com
1829,camelcamelcamel.com
1830,csfd.cz
1831,sprint.com
1832,faceit.com
1833,thebay.com
1834,forums.wordpress.com
1835,sketchup.com
1836,grubhub.com
1837,youjizz.com
1838,abc.net.au
1839,qoo10.jp
1840,tamin.ir
1841,leetcode.com
1842,appledaily.com
1843,nseindia.com
1844,winbank.gr
1845,lever.co
1846,sjtu.edu.cn
1847,pojoksatu.id
1848,watanserb.com
1849,shiksha.com
1850,uspto.gov
1851,okcupid.com
1852,google.hr
1853,elconfidencial.com
1854,multiurok.ru
1855,google.sk
1856,sagepub.com
1857,chinagate.cn
1858,express.pk
1859,sunsu521.com
1860,instructables.com
1861,edmunds.com
1862,live.net
1863,7k7k.com
1864,deref-gmx.net
1865,punchng.com
1866,nordvpn.com
1867,valentino.com
1868,cmoney.tw
1869,ray-ban.com
1870,credit-agricole.fr
1871,brstej.com
1872,streaming4free.com
1873,suntrust.com
1874,thehill.com
1875,eroterest.net
1876,businesswire.com
1877,kartra.com
1878,west.cn
1879,pccomponentes.com
1880,mydailymagazine.com
1881,rstyle.me
1882,fresherslive.com
1883,suumo.jp
1884,premierbetzone.com
1885,verajohn.com
1886,match.com
1887,graizoah.com
1888,heroku.com
1889,crazygames.com
1890,celine.com
1891,ajio.com
1892,made-in-china.com
1893,kinogo.zone
1894,pcgamer.com
1895,blibli.com
1896,jd.hk
1897,xm.com
1898,cimaclub.io
1899,poste.it
1900,semrush.com
1901,thomann.de
1902,secureinternetbank.com
1903,leagueoflegends.com
1904,dlsite.com
1905,d1ev.com
1906,d1net.com
1907,worktile.com
1908,zxxk.com
1909,crictracker.com
1910,pagesjaunes.fr
1911,ifvod.tv
1912,desire2learn.com
1913,nvsp.in
1914,almaany.com
1915,domaintools.com
1916,ucla.edu
1917,sheypoor.com
1918,google.co.ma
1919,tut.by
1920,xserver.ne.jp
1921,quick-speedtest.com
1922,ladepeche.fr
1923,battlenet.com.cn
1924,caichongwang.com
1925,eccn.com
1926,mojifen.com
1927,muji.com
1928,webgains.com
1929,dreamhost.com
1930,archdaily.com
1931,maisonmargiela.com
1932,gfycat.com
1933,le360.ma
1934,5i8xkqjmqubv.top
1935,x2convert.com
1936,youla.ru
1937,google.se
1938,eporner.com
1939,crisp.chat
1940,soap2day.to
1941,beinsports.com
1942,viki.com
1943,myspace.com
1944,carfax.com
1945,yunexpress.com
1946,ficbook.net
1947,gotowebinar.com
1948,rappler.com
1949,reliancedigital.in
1950,zumiez.com
1951,delish.com
1952,musinsa.com
1953,tradedoubler.com
1954,universityofcalifornia.edu
1955,hollisterco.com
1956,dressinn.com
1957,nykaa.com
1958,cuny.edu
1959,newchic.com
1960,dangbei.com
1961,woot.com
1962,jooble.org
1963,filehorse.com
1964,vg.no
1965,medcom.id
1966,gazzetta.gr
1967,google.com.ly
1968,hpjav.tv
1969,sastasundar.com
1970,tabelog.com
1971,tampermonkey.net
1972,66cruises.com
1973,chetor.com
1974,gizmodo.com
1975,ldoceonline.com
1976,falabella.com
1977,qhyhgf.com
1978,doorblog.jp
1979,ruten.com.tw
1980,cibc.com
1981,ziprecruiter.com
1982,zoosk.com
1983,coinpayu.com
1984,wayfair.ca
1985,elmundo.es
1986,dpreview.com
1987,excite.co.jp
1988,lamoda.ru
1989,brazzersnetwork.com
1990,united.com
1991,standardmedia.co.ke
1992,fnb.co.za
1993,porntrex.com
1994,pelisplushd.net
1995,btcbay.net
1996,otomoto.pl
1997,dailycaller.com
1998,zhaopin.com
1999,knoji.com
2000,realtor.ca
2001,mindmeister.com
2002,draken.tech
2003,elbaestes.pro
2004,ralphlauren.com
2005,cuevana3.io
2006,myfonts.com
2007,www.gob.mx
2008,hotnewhiphop.com
2009,kabum.com.br
2010,service-now.com
2011,4shared.com
2012,getsecurybrowse.com
2013,kommersant.ru
2014,makeuseof.com
2015,carwale.com
2016,matchesfashion.com
2017,ksl.com
2018,docsity.com
2019,wikiwand.com
2020,khanefootball.com
2021,gog.com
2022,mydigipay.com
2023,user-shield.com
2024,rockstargames.com
2025,quillbot.com
2026,gamingbible.co.uk
2027,priceline.com
2028,viber.com
2029,static1.squarespace.com
2030,chinatimes.com
2031,urbanoutfitters.com
2032,johnlewis.com
2033,foodnetwork.com
2034,e-shop.gr
2035,simpli.com
2036,fantacalcio.it
2037,sbicard.com
2038,lordfilms.to
2039,ugg.com
2040,hobbs.com
2041,hsbc.com.hk
2042,skysports.com
2043,gapfactory.com
2044,1mg.com
2045,commonapp.org
2046,okko.tv
2047,sanook.com
2048,aade.gr
2049,wowma.jp
2050,darty.com
2051,absher.sa
2052,allocine.fr
2053,windowscentral.com
2054,pinterest.de
2055,caixabank.es
2056,4399.com
2057,mixdrop.co
2058,mashreghnews.ir
2059,society6.com
2060,wefinex.net
2061,720pizle.org
2062,indiaglitz.com
2063,nic.ir
2064,rtings.com
2065,collective-buyer.com
2066,guitarcenter.com
2067,fx678.com
2068,cox.com
2069,fitgirl-repacks.site
2070,tagged.com
2071,virgilio.it
2072,jzjncy.com
2073,carters.com
2074,campograndenews.com.br
2075,gismeteo.ua
2076,endclothing.com
2077,2mnd56.com
2078,yout.com
2079,elfster.com
2080,pornone.com
2081,banamex.com
2082,sports.ru
2083,novinky.cz
2084,liverpool.com.mx
2085,tp-link.com
2086,jarir.com
2087,pons.com
2088,movistar.es
2089,premier.one
2090,wenxuecity.com
2091,abplive.com
2092,boaphaps.net
2093,index-education.net
2094,pornolab.net
2095,cleanpng.com
2096,columbia.edu
2097,dominos.com
2098,dribbble.com
2099,dontorrent.org
2100,gdz.ru
2101,alanba.com.kw
2102,yandex.com
2103,calculator.net
2104,diretta.it
2105,haber7.com
2106,totalsportek.com
2107,azureedge.net
2108,homes.co.jp
2109,cbslocal.com
2110,yemek.com
2111,timesnownews.com
2112,easeus.com
2113,neilpatel.com
2114,hotmo.org
2115,canadapost.ca
2116,cineulagam.com
2117,telegram.me
2118,parcelsapp.com
2119,gazzettadelsud.it
2120,cimri.com
2121,ximalaya.com
2122,abril.com.br
2123,24s.com
2124,streamlabs.com
2125,babyshop.com
2126,thespruce.com
2127,tysonontriller.com
2128,anchor.fm
2129,crackwatch.com
2130,datpiff.com
2131,geico.com
2132,petco.com
2133,filmweb.pl
2134,razer.com
2135,sefon.pro
2136,bd-pratidin.com
2137,evo.com
2138,rightmove.co.uk
2139,hdsex.org
2140,last.fm
2141,ally.com
2142,opensubtitles.org
2143,llbean.com
2144,vox.com
2145,ouo.press
2146,licindia.in
2147,dailythanthi.com
2148,gravatar.com
2149,ap.gov.in
2150,pirateship.com
2151,ontvtime.ru
2152,rumble.com
2153,trontv.com
2154,arynews.tv
2155,bestlifeonline.com
2156,mtlnovel.com
2157,yaplakal.com
2158,microcenter.com
2159,gayboystube.com
2160,nsdl.com
2161,hitomi.la
2162,cybersource.com
2163,sportsmansoutdoorsuperstore.com
2164,skynewsarabia.com
2165,teraplot.net
2166,echo.msk.ru
2167,cian.ru
2168,clien.net
2169,studopedia.ru
2170,iam.gov.sa
2171,fao.org
2172,trthaber.com
2173,edmodo.com
2174,e-estekhdam.com
2175,247sports.com
2176,docker.com
2177,okp.com
2178,2345.com
2179,template.net
2180,encuentra24.com
2181,z1.fm
2182,hbr.org
2183,cafis-paynet.jp
2184,dedecms.com
2185,dji.com
2186,public.gr
2187,biblehub.com
2188,kugou.com
2189,taroot-rangi.com
2190,liveonscore.tv
2191,newsbreak.com
2192,kalerkantho.com
2193,limetorrents.info
2194,jagodangdut.com
2195,onlineradiobox.com
2196,chanel.com
2197,tim.it
2198,worldoftanks.eu
2199,fmovie.sc
2200,madewell.com
2201,express.dhl
2202,189.cn
2203,dantri.com.vn
2204,yesstyle.com
2205,betgorebysson.club
2206,theatlantic.com
2207,ford.com
2208,metacritic.com
2209,mundosexanuncio.com
2210,kerala.gov.in
2211,miaopai.com
2212,istanbul.edu.tr
2213,tizianafausti.com
2214,sportsurge.net
2215,google.rs
2216,turkru.tv
2217,kajabi.com
2218,amazon.ae
2219,arabi21.com
2220,yna.co.kr
2221,jahannews.com
2222,google.lk
2223,sonos.com
2224,123.com.cn
2225,dv37.com
2226,britishcouncil.org
2227,homedepot.ca
2228,itnuzleafan.com
2229,gadgetsnow.com
2230,antaranews.com
2231,otzovik.com
2232,foxbusiness.com
2233,infowars.com
2234,file-upload.com
2235,duniagames.co.id
2236,hanime.tv
2237,belk.com
2238,sumitomokenki.com.cn
2239,xzjdjx.com
2240,rtve.es
2241,thepirateproxy3se.com
2242,dergipark.org.tr
2243,serviporno.com
2244,7gz.com
2245,9876ydd.com
2246,watch-video.net
2247,yifysubtitles.org
2248,hermes.com
2249,bible.com
2250,wegotthiscovered.com
2251,musescore.com
2252,nchsoftware.com
2253,movieweb.com
2254,sportradar.com
2255,pronews.gr
2256,bankrate.com
2257,payumoney.com
2258,nastygal.com
2259,streamtape.com
2260,getfvid.com
2261,shinezone.com
2262,500px.com
2263,tnt-online.ru
2264,logitech.com
2265,bittrex.com
2266,sch.gr
2267,9game.cn
2268,mosreg.ru
2269,kraken.com
2270,pchouse.com.cn
2271,adblockstream.com
2272,tripadvisor.in
2273,habr.com
2274,travelerdoor.com
2275,paisabazaar.com
2276,lifehacker.com
2277,ab-tc.com
2278,programme-tv.net
2279,argos.co.uk
2280,privatbank.ua
2281,thefitnesshints.com
2282,bitcoin.com
2283,ptt.cc
2284,srvcraft.com
2285,box.com
2286,1001fonts.com
2287,argaam.com
2288,utarget.ru
2289,bdnews24.com
2290,ai.marketing
2291,icims.com
2292,elespanol.com
2293,vice.com
2294,www.nhs.uk
2295,myprofessionalmail.com
2296,gao7.com
2297,liveinternet.ru
2298,codal.ir
2299,google.fi
2300,alarabiya.net
2301,allday-movies.com
2302,gotporn.com
2303,wallstreetforum.net
2304,cainiao.com
2305,seek.com.au
2306,instant-gaming.com
2307,collegeboard.org
2308,netafraz.com
2309,chinaswitch.com
2310,appen.com
2311,change.org
2312,pku.edu.cn
2313,sm3ha.com
2314,inflationbreedinghoax.com
2315,freelancer.in
2316,zoopla.co.uk
2317,laposte.fr
2318,businesstoday.com.tw
2319,perfectgirls.net
2320,labirint.ru
2321,onedio.com
2322,lavanguardia.com
2323,privat24.ua
2324,sanjesh.org
2325,chicagotribune.com
2326,ricardo.ch
2327,santander.co.uk
2328,vans.com
2329,doramatv.live
2330,bzw315.com
2331,movistarplus.es
2332,legacy.com
2333,brunch.co.kr
2334,magento.com
2335,lightinthebox.com
2336,rivals.com
2337,displate.com
2338,abdurantom.com
2339,one.com
2340,laleggepertutti.it
2341,wethrift.com
2342,nobitex.ir
2343,mapquest.com
2344,dndbeyond.com
2345,collinsdictionary.com
2346,scroll.in
2347,uloz.to
2348,kogan.com
2349,eltiempo.com
2350,eurobank.gr
2351,drupal.org
2352,adultfriendfinder.com
2353,windy.com
2354,expressvpn.com
2355,auspost.com.au
2356,3esh-online.com
2357,jetbrains.com
2358,slidesgo.com
2359,picuki.com
2360,gotomeeting.com
2361,acfun.cn
2362,otnolatrnup.com
2363,alza.cz
2364,mymovies.it
2365,givingassistant.org
2366,1tamilgun.com
2367,royalmail.com
2368,businessinsider.in
2369,boardgamegeek.com
2370,canalplus.com
2371,jdsports.com
2372,haqqin.az